8,mgorjim1003,mgorjim1003@g.educaand.es,Estudiante,2025/Oct/23,Miguel,"Gordon Jiménez",2006-03-10
9,rgorjim1505,rgorjim1505@g.educaand.es,Estudiante,2025/Oct/23,Miguel,"Gordon Jiménez",2011-05-15
11,rgorfer0405,rgorfer0405@g.educaand.es,Profesor,2025/10/23,Raul,"Gordon Fernández",1979-05-04
12,lrodram2011,lrodram2011@g.educaand.es,Estudiante,2025/10/23,Lucía,"Rodríguez Ramos",2005-11-20
14,jgormot0501,jgormot0501@g.educaand.es,Profesor,2025/10/23,José,"Gordon Motiño",2002-01-05
24,rrodmar0412,rrodmar0412@g.educaand.es,Profesor,2025/10/29,Rodrigo,"Rodríguez Marín",1978-12-02,../src/avatars/avatar_1761739701.jpg
25,rrodmar0412,rrodmar0412@g.educaand.es,Profesor,2025/10/29,Rodrigo,"Rodríguez Marín",1975-12-04,../src/avatars/avatar_1761739925.gif
